이름,학번뒤2자리,열람실,좌석번호,사물함,사물함번호
개교식,82,법오 골방(칸막이),4,법오 큰방,53
최맛탐,41,법오 골방(칸막이),7,법오 큰방,54
양튼선,35,15동 404호(칸막이),23,404(B),1
강컬날,82,법오 작은방(평상),4,법오 작은방,1
박펀낙,69,법오 큰방(평상),47,법오 큰방,65
김락밍,13,국산(칸막이),23,국산,81
이바처,95,법오 골방(칸막이),9,법오 큰방,55
가래떡,63,법오 작은방(평상),66,법오 작은방,2
문벌츤,74,국산(칸막이),27,국산,82
고무줄,08,국산(칸막이),77,국산,83
최츨흥,59,서암(평상),3,서암,1
기능적,52,국산(칸막이),54,국산,84
최렁번,05,15동 404호(칸막이),155,404(B),2
김도합,15,15동 404호(칸막이),99,404(B),3
최치기,58,국산(칸막이),78,국산,85
최어로,78,법오 큰방(칸막이),77,법오 큰방,97
박믐정,64,법오 작은방(평상),60,법오 작은방,3
최킁람,44,법오 큰방(평상),79,법오 큰방,66
이기푸,20,법오 큰방(칸막이),196,법오 큰방,98
최암루,28,국산(칸막이),15,국산,86
한티륵,22,법오 큰방(칸막이),159,법오 큰방,99
김즐킥,31,법오 작은방(평상),64,법오 작은방,4
강아지,79,법오 큰방(칸막이),34,법오 큰방,100
강민실,38,15동 404호(칸막이),141,404(B),4
최틸종,10,법오 큰방(칸막이),168,법오 큰방,101
김펄딜,60,법오 큰방(평상),107,법오 큰방,67
감자깡,76,법오 큰방(칸막이),156,법오 큰방,102
양공머,73,15동 404호(칸막이),113,404(B),5
최늘릉,04,법오 큰방(칸막이),21,법오 큰방,103
양킨노,09,15동 404호(칸막이),35,404(B),6
가공업,61,서암(평상),42,서암,2
구궁도,28,15동 404호(칸막이),2,404(B),7
최킬알,40,국산(칸막이),72,국산,87
김컬층,42,법오 큰방(칸막이),187,법오 큰방,104
문거즌,32,법오 큰방(평상),85,법오 큰방,68
양앗랍,72,15동 404호(칸막이),37,404(B),8
이찰밀,81,15동 401호(칸막이),36,404(A),1
양팍산,40,서암(평상),34,서암,3
박삭필,83,법오 큰방(평상),124,법오 큰방,69
구구단,27,법오 큰방(칸막이),176,법오 큰방,105
한러딕,59,법오 큰방(칸막이),22,법오 큰방,106
긍정적,50,서암(평상),37,서암,4
한든깅,29,서암(평상),31,서암,5
공격력,23,15동 404호(칸막이),12,404(B),9
최힝칠,50,법오 큰방(칸막이),180,법오 큰방,107
김응긍,72,15동 404호(칸막이),60,404(B),10
문픔건,50,법오 큰방(칸막이),37,법오 큰방,108
극장판,42,15동 401호(칸막이),30,404(A),2
한조랍,59,15동 404호(칸막이),18,404(B),11
한긴깅,33,서암(평상),44,서암,6
최구할,20,국산(칸막이),22,국산,88
최낙삿,83,법오 작은방(평상),46,법오 작은방,5
박혼팡,60,국산(칸막이),6,국산,89
이빌박,17,15동 404호(칸막이),104,404(B),12
개공식,81,법오 큰방(칸막이),208,법오 큰방,109
양칵치,13,법오 작은방(평상),33,법오 작은방,6
최믄아,92,법오 큰방(평상),65,법오 큰방,70
계웅삼,03,서암(평상),14,서암,7
거북이,96,15동 404호(칸막이),67,404(B),13
강리릭,55,15동 404호(칸막이),53,404(B),14
개업식,88,서암(평상),25,서암,8
김슬모,14,15동 404호(칸막이),130,404(B),15
문강팍,60,법오 작은방(평상),30,법오 작은방,7
박클답,88,법오 큰방(칸막이),182,법오 큰방,110
양픽탕,37,서암(평상),21,서암,9
최흠진,60,국산(칸막이),33,국산,90
고혹자,15,서암(평상),33,서암,10
양안필,42,15동 404호(칸막이),96,404(B),16
한흥탕,80,서암(평상),10,서암,11
최킥전,28,15동 404호(칸막이),59,404(B),17
이누멍,65,법오 작은방(평상),13,법오 작은방,8
양들턱,82,법오 큰방(칸막이),73,법오 큰방,111
한틸잔,39,법오 큰방(평상),59,법오 큰방,71
강즘믐,05,법오 작은방(평상),40,법오 작은방,9
골짜기,17,법오 큰방(칸막이),203,법오 큰방,112
문논탁,86,15동 404호(칸막이),127,404(B),18
박강악,21,서암(평상),2,서암,12
최거틈,87,법오 큰방(칸막이),206,법오 큰방,113
각설탕,71,법오 큰방(평상),70,법오 큰방,72
김타늑,75,15동 404호(칸막이),20,404(B),19
한악랑,47,법오 큰방(칸막이),188,법오 큰방,114
이적타,38,15동 401호(칸막이),37,404(A),3
강잉틍,25,법오 큰방(칸막이),78,법오 큰방,115
김판핀,34,법오 큰방(칸막이),134,법오 큰방,116
박밀천,08,15동 404호(칸막이),32,404(B),20
문탑픽,40,법오 큰방(칸막이),135,법오 큰방,117
박갈캇,35,법오 큰방(평상),81,법오 큰방,73
최헌적,24,법오 큰방(칸막이),185,법오 큰방,118
양든암,49,법오 큰방(칸막이),75,법오 큰방,119
검은깨,99,국산(칸막이),36,국산,91
최랑승,56,법오 큰방(칸막이),212,법오 큰방,120
한주한,81,15동 404호(칸막이),144,404(B),21
박타디,92,15동 401호(칸막이),40,404(A),4
구미호,31,법오 큰방(칸막이),142,법오 큰방,121
귀족적,38,서암(평상),7,서암,13
이컨늘,25,법오 큰방(칸막이),129,법오 큰방,122
김클난,02,15동 404호(칸막이),49,404(B),22
강원도,80,법오 큰방(칸막이),138,법오 큰방,123
기사단,54,15동 404호(칸막이),147,404(B),23
한러틈,58,15동 404호(칸막이),69,404(B),24
가솔린,66,법오 골방(칸막이),6,법오 큰방,56
박토큭,53,법오 큰방(칸막이),146,법오 큰방,124
문도니,99,법오 작은방(평상),7,법오 작은방,10
이밥킬,36,법오 큰방(칸막이),183,법오 큰방,125
박함거,06,서암(평상),32,서암,14
한닝커,25,국산(칸막이),25,국산,92
김방우,91,법오 큰방(칸막이),193,법오 큰방,126
최압즐,70,15동 404호(칸막이),95,404(B),25
강긴든,34,법오 큰방(칸막이),200,법오 큰방,127
공업가,25,법오 큰방(칸막이),23,법오 큰방,128
이가치,08,법오 골방(칸막이),2,법오 큰방,57
양삼항,30,법오 큰방(칸막이),195,법오 큰방,129
최컨앙,11,법오 큰방(칸막이),112,법오 큰방,130
이츰찬,97,15동 404호(칸막이),74,404(B),26
가랑비,62,국산(칸막이),29,국산,93
한등츨,07,법오 작은방(평상),24,법오 작은방,11
박서랍,15,법오 큰방(칸막이),163,법오 큰방,131
이걸다,01,법오 작은방(평상),61,법오 작은방,12
최잡컹,98,15동 404호(칸막이),145,404(B),27
이몽콩,33,국산(칸막이),51,국산,94
강헐소,72,15동 404호(칸막이),57,404(B),28
문랏슥,02,국산(칸막이),10,국산,95
강닝갈,22,법오 큰방(평상),122,법오 큰방,74
금붕어,48,법오 큰방(칸막이),151,법오 큰방,132
김칸틍,22,15동 401호(칸막이),25,404(A),5
한닝틈,14,국산(칸막이),70,국산,96
문발즌,76,15동 404호(칸막이),52,404(B),29
경외심,02,15동 401호(칸막이),26,404(A),6
박슥홍,43,법오 큰방(칸막이),192,법오 큰방,133
기저막,56,법오 큰방(칸막이),132,법오 큰방,134
이적서,23,법오 작은방(평상),51,법오 작은방,13
금요일,49,법오 큰방(칸막이),191,법오 큰방,135
이언킥,11,국산(칸막이),53,국산,97
한흠버,06,15동 404호(칸막이),39,404(B),30
문나는,69,15동 404호(칸막이),48,404(B),31
김븡로,04,15동 404호(칸막이),121,404(B),32
최틈슥,64,15동 404호(칸막이),101,404(B),33
고감도,04,15동 404호(칸막이),157,404(B),34
박동홍,53,법오 큰방(평상),101,법오 큰방,75
이람팅,17,서암(평상),13,서암,15
문질착,51,15동 404호(칸막이),1,404(B),35
한존븐,45,국산(칸막이),18,국산,98
강토억,96,국산(칸막이),26,국산,99
구마적,30,법오 작은방(평상),15,법오 작은방,14
한톤구,98,법오 큰방(평상),61,법오 큰방,76
김유신,57,15동 404호(칸막이),111,404(B),36
최탁한,18,법오 큰방(칸막이),190,법오 큰방,136
강초답,52,15동 404호(칸막이),103,404(B),37
최털헝,61,국산(칸막이),24,국산,100
한핀겅,37,서암(평상),11,서암,16
이발킬,35,법오 작은방(평상),81,법오 작은방,15
문길펀,84,법오 큰방(칸막이),153,법오 큰방,137
이건틱,99,법오 큰방(칸막이),162,법오 큰방,138
문넌핀,77,법오 작은방(평상),63,법오 작은방,16
갑돌이,78,15동 404호(칸막이),136,404(B),38
김벌석,93,법오 큰방(칸막이),205,법오 큰방,139
곰탱이,20,15동 404호(칸막이),9,404(B),39
한적글,93,법오 큰방(평상),121,법오 큰방,77
최총부,48,법오 큰방(칸막이),52,법오 큰방,140
한팔걸,41,법오 큰방(칸막이),167,법오 큰방,141
양흘렁,35,국산(칸막이),79,국산,101
양초앗,17,15동 404호(칸막이),140,404(B),40
최퐁손,16,국산(칸막이),13,국산,102
문공름,55,서암(평상),1,서암,17
격투기,01,법오 큰방(칸막이),179,법오 큰방,142
최칭커,39,서암(평상),4,서암,18
김팔틸,34,국산(칸막이),74,국산,103
감자탕,77,15동 401호(칸막이),27,404(A),7
이번론,23,법오 큰방(칸막이),53,법오 큰방,143
강고리,71,법오 골방(칸막이),1,법오 큰방,58
최루삭,84,법오 작은방(평상),36,법오 작은방,17
고스트,11,법오 작은방(평상),79,법오 작은방,18
구심점,32,15동 404호(칸막이),152,404(B),41
문일루,97,15동 404호(칸막이),40,404(B),42
문비처,41,15동 404호(칸막이),3,404(B),43
김흠함,90,15동 404호(칸막이),51,404(B),44
박헝키,19,법오 큰방(칸막이),136,법오 큰방,144
한버논,68,국산(칸막이),9,국산,104
한어탕,76,15동 404호(칸막이),16,404(B),45
가정부,69,15동 404호(칸막이),10,404(B),46
한컥닝,99,법오 큰방(칸막이),32,법오 큰방,145
김캇살,44,15동 404호(칸막이),21,404(B),47
구체적,33,서암(평상),26,서암,19
최혼틍,49,15동 404호(칸막이),38,404(B),48
가로등,64,15동 404호(칸막이),66,404(B),49
최블블,79,법오 큰방(칸막이),177,법오 큰방,146
이만듬,66,15동 404호(칸막이),154,404(B),50
갈무리,75,국산(칸막이),52,국산,105
양인피,49,15동 404호(칸막이),133,404(B),51
최벌길,97,국산(칸막이),35,국산,106
박석한,78,15동 404호(칸막이),88,404(B),52
한잣간,79,법오 큰방(칸막이),157,법오 큰방,147
게보린,00,법오 작은방(평상),27,법오 작은방,19
문걱벅,77,국산(칸막이),17,국산,107
양너적,80,법오 작은방(평상),58,법오 작은방,20
한탁슨,26,15동 404호(칸막이),4,404(B),53
양봉찹,21,국산(칸막이),31,국산,108
김잉멀,43,법오 큰방(칸막이),92,법오 큰방,148
김컨겅,34,국산(칸막이),57,국산,109
그오빠,41,15동 404호(칸막이),102,404(B),54
박삭억,08,법오 작은방(평상),21,법오 작은방,21
양승단,44,법오 골방(칸막이),10,법오 큰방,59
강잘찬,98,서암(평상),40,서암,20
한조틈,74,국산(칸막이),67,국산,110
강캉초,61,15동 404호(칸막이),90,404(B),55
최나찬,33,15동 404호(칸막이),27,404(B),56
고전적,13,법오 작은방(평상),48,법오 작은방,22
이통만,16,법오 큰방(칸막이),189,법오 큰방,149
한막긍,00,15동 404호(칸막이),108,404(B),57
강하낫,48,서암(평상),16,서암,21
문빌륵,85,법오 작은방(평상),31,법오 작은방,23
김틸락,30,국산(칸막이),55,국산,111
객관성,94,법오 큰방(칸막이),91,법오 큰방,150
최증리,82,국산(칸막이),34,국산,112
개기식,84,법오 작은방(평상),45,법오 작은방,24
김히본,12,15동 404호(칸막이),14,404(B),58
최디우,78,법오 골방(칸막이),5,법오 큰방,60
강턴칙,26,법오 큰방(칸막이),127,법오 큰방,151
박억갓,89,15동 401호(칸막이),29,404(A),8
최자초,10,법오 큰방(칸막이),38,법오 큰방,152
최밥합,33,법오 작은방(평상),6,법오 작은방,25
김킬픙,67,서암(평상),5,서암,22
최루당,80,법오 큰방(칸막이),113,법오 큰방,153
문을른,87,법오 큰방(칸막이),158,법오 큰방,154
김칫국,58,15동 401호(칸막이),33,404(A),9
한헐누,51,법오 큰방(칸막이),131,법오 큰방,155
이늘름,53,법오 큰방(칸막이),173,법오 큰방,156
강헝망,00,서암(평상),43,서암,23
문나삼,18,국산(칸막이),20,국산,113
양랄근,75,국산(칸막이),59,국산,114
이딜큰,25,15동 401호(칸막이),35,404(A),10
개선문,87,법오 큰방(칸막이),128,법오 큰방,157
글러브,43,법오 큰방(칸막이),56,법오 큰방,158
기념적,51,15동 404호(칸막이),76,404(B),59
가타카,70,법오 큰방(칸막이),130,법오 큰방,159
양른큭,31,국산(칸막이),32,국산,115
최푸시,32,서암(평상),9,서암,24
강탑능,31,법오 큰방(평상),45,법오 큰방,78
기댓값,53,15동 404호(칸막이),112,404(B),60
공무원,24,서암(평상),47,서암,25
최듬랍,58,국산(칸막이),7,국산,116
김몽난,02,법오 큰방(칸막이),33,법오 큰방,160
김걱흘,89,국산(칸막이),69,국산,117
박음농,88,15동 404호(칸막이),117,404(B),61
까꿍이,59,법오 큰방(칸막이),51,법오 큰방,161
한득븡,39,15동 404호(칸막이),150,404(B),62
김빌살,20,국산(칸막이),12,국산,118
최너반,16,15동 404호(칸막이),123,404(B),63
강넉넝,47,법오 작은방(평상),73,법오 작은방,26
이즘호,56,법오 큰방(칸막이),148,법오 큰방,162
양늘안,57,15동 404호(칸막이),55,404(B),64
고블린,09,국산(칸막이),8,국산,119
이망모,67,15동 404호(칸막이),143,404(B),65
개항식,92,국산(칸막이),75,국산,120
문픙긍,43,법오 골방(칸막이),11,법오 큰방,61
박덜딩,38,15동 404호(칸막이),132,404(B),66
김설낭,53,15동 404호(칸막이),29,404(B),67
이잘즌,45,15동 404호(칸막이),148,404(B),68
문던큭,28,15동 404호(칸막이),128,404(B),69
박믕잣,73,법오 큰방(칸막이),170,법오 큰방,163
김헌구,91,15동 404호(칸막이),105,404(B),70
박컨킬,57,서암(평상),45,서암,26
글로리,44,법오 큰방(칸막이),97,법오 큰방,164
굿모닝,36,15동 401호(칸막이),31,404(A),11
문할성,73,법오 큰방(칸막이),147,법오 큰방,165
최런로,83,국산(칸막이),76,국산,121
개통식,89,서암(평상),46,서암,27
김픈팟,31,법오 큰방(칸막이),76,법오 큰방,166
이힝닉,14,법오 큰방(칸막이),160,법오 큰방,167
김팝아,32,서암(평상),30,서암,28
개회식,93,15동 404호(칸막이),120,404(B),71
그린비,40,법오 큰방(칸막이),36,법오 큰방,168
이흠믹,93,국산(칸막이),38,국산,122
과수원,26,서암(평상),22,서암,29
강틸즉,89,법오 큰방(칸막이),194,법오 큰방,169
검딱지,98,15동 404호(칸막이),64,404(B),72
한퐁늘,09,법오 큰방(칸막이),199,법오 큰방,170
문닝팡,94,법오 큰방(칸막이),116,법오 큰방,171
박킹지,46,법오 큰방(평상),67,법오 큰방,79
박핀토,40,15동 404호(칸막이),15,404(B),73
고구려,05,국산(칸막이),40,국산,123
박밍캉,17,15동 404호(칸막이),98,404(B),74
최긱등,57,법오 작은방(평상),42,법오 작은방,27
기상청,55,법오 큰방(칸막이),150,법오 큰방,172
최넌븜,54,법오 큰방(칸막이),54,법오 큰방,173
개나리,85,법오 큰방(평상),48,법오 큰방,80
강극탑,23,15동 404호(칸막이),100,404(B),75
고로쇠,07,15동 404호(칸막이),156,404(B),76
이카득,54,법오 작은방(평상),82,법오 작은방,28
양터릉,75,15동 401호(칸막이),34,404(A),12
문펄텅,26,15동 404호(칸막이),164,404(B),77
박통럭,27,법오 작은방(평상),70,법오 작은방,29
문칵를,52,국산(칸막이),28,국산,124
문공가,24,법오 작은방(평상),75,법오 작은방,30
개학식,91,법오 작은방(평상),43,법오 작은방,31
김린티,50,15동 401호(칸막이),39,404(A),13
문닐맛,46,15동 404호(칸막이),25,404(B),78
이탓작,50,15동 404호(칸막이),116,404(B),79
김밀막,54,법오 작은방(평상),25,법오 작은방,32
김잠슥,41,국산(칸막이),58,국산,125
한엉천,86,15동 404호(칸막이),131,404(B),80
양로파,29,15동 404호(칸막이),151,404(B),81
박성힌,07,15동 404호(칸막이),30,404(B),82
김펑잉,76,법오 큰방(칸막이),115,법오 큰방,174
문덩클,71,15동 404호(칸막이),43,404(B),83
가로수,65,15동 404호(칸막이),11,404(B),84
최헐컨,36,법오 큰방(칸막이),172,법오 큰방,175
문늑킁,37,15동 401호(칸막이),28,404(A),14
최안응,23,법오 큰방(칸막이),58,법오 큰방,176
양슨박,21,법오 큰방(칸막이),140,법오 큰방,177
최츰빌,48,15동 404호(칸막이),138,404(B),85
금도끼,46,법오 큰방(칸막이),96,법오 큰방,178
한창어,92,법오 작은방(평상),10,법오 작은방,33
박널캄,64,법오 큰방(칸막이),202,법오 큰방,179
최닷논,06,15동 404호(칸막이),118,404(B),86
박잠더,27,법오 큰방(평상),84,법오 큰방,81
한펀리,42,국산(칸막이),73,국산,126
양빈픽,07,법오 큰방(칸막이),31,법오 큰방,180
박몽딩,11,법오 큰방(칸막이),209,법오 큰방,181
곰돌이,19,법오 큰방(칸막이),55,법오 큰방,182
한큰엉,52,법오 큰방(칸막이),164,법오 큰방,183
최릉린,88,법오 큰방(칸막이),144,법오 큰방,184
양남픽,45,법오 큰방(평상),104,법오 큰방,82
글로벌,45,15동 404호(칸막이),119,404(B),87
이남늠,67,법오 큰방(칸막이),213,법오 큰방,185
구렁이,29,15동 404호(칸막이),125,404(B),88
최긍신,32,법오 큰방(칸막이),145,법오 큰방,186
문납누,13,서암(평상),38,서암,30
양갑븍,59,15동 404호(칸막이),19,404(B),89
한찰른,70,법오 큰방(칸막이),186,법오 큰방,187
간접적,72,15동 404호(칸막이),70,404(B),90
이얼암,74,법오 작은방(평상),72,법오 작은방,34
한랏긴,54,법오 작은방(평상),84,법오 작은방,35
문를등,12,국산(칸막이),14,국산,127
양서벌,66,15동 404호(칸막이),126,404(B),91
최팝픔,09,법오 큰방(칸막이),35,법오 큰방,188
최직긱,30,법오 큰방(평상),68,법오 큰방,83
곰도리,18,법오 큰방(칸막이),181,법오 큰방,189
한감잠,11,법오 작은방(평상),9,법오 작은방,36
이를칵,56,15동 404호(칸막이),135,404(B),92
국사책,34,15동 404호(칸막이),89,404(B),93
김처달,87,법오 큰방(칸막이),214,법오 큰방,190
최널낫,24,서암(평상),6,서암,31
강더호,47,법오 큰방(칸막이),149,법오 큰방,191
양함믁,03,서암(평상),29,서암,32
김빌톤,14,15동 404호(칸막이),22,404(B),94
문딩막,39,법오 작은방(평상),49,법오 작은방,37
이벙팍,01,국산(칸막이),56,국산,128
갤럭시,95,법오 큰방(칸막이),165,법오 큰방,192
양는을,66,15동 404호(칸막이),47,404(B),95
한다빅,18,법오 큰방(칸막이),95,법오 큰방,193
거짓말,97,법오 작은방(평상),57,법오 작은방,38
박릉등,01,15동 404호(칸막이),8,404(B),96
강힝펑,37,법오 큰방(평상),88,법오 큰방,84
한달성,86,국산(칸막이),16,국산,129
고사리,10,법오 작은방(평상),19,법오 작은방,39
양무타,38,15동 404호(칸막이),77,404(B),97
강틀팍,29,서암(평상),19,서암,33
개폭딜,90,법오 큰방(평상),110,법오 큰방,85
한실코,91,서암(평상),12,서암,34
최던찹,96,서암(평상),20,서암,35
강무압,71,법오 작은방(평상),1,법오 작은방,40
이살버,61,법오 큰방(칸막이),198,법오 큰방,194
까마귀,60,법오 큰방(칸막이),141,법오 큰방,195
박온팡,63,법오 큰방(칸막이),171,법오 큰방,196
김엉칠,00,15동 404호(칸막이),93,404(B),98
최폰핫,77,법오 큰방(칸막이),24,법오 큰방,197
박닝팟,03,법오 큰방(평상),82,법오 큰방,86
양즉닷,85,법오 큰방(평상),64,법오 큰방,87
최익잔,05,15동 404호(칸막이),58,404(B),99
박너방,03,법오 큰방(칸막이),20,법오 큰방,198
한닉선,65,법오 작은방(평상),3,법오 작은방,41
고양이,12,법오 작은방(평상),16,법오 작은방,42
개구리,83,법오 큰방(평상),119,법오 큰방,88
문흠벙,29,국산(칸막이),39,국산,130
최엉퍼,19,법오 작은방(평상),18,법오 작은방,43
이능선,47,법오 큰방(평상),105,법오 큰방,89
이탐탈,36,서암(평상),18,서암,36
김익억,90,법오 큰방(칸막이),152,법오 큰방,199
박넝힝,52,서암(평상),48,서암,37
김늠익,24,법오 큰방(칸막이),94,법오 큰방,200
한밥폰,79,국산(칸막이),71,국산,131
문힝리,70,15동 404호(칸막이),26,404(B),100
한븡큭,15,15동 404호(칸막이),50,404(B),101
박일버,36,법오 큰방(평상),102,법오 큰방,90
한측산,20,15동 404호(칸막이),137,404(B),102
김주합,68,15동 404호(칸막이),24,404(B),103
가이아,68,법오 큰방(평상),50,법오 큰방,91
한덕자,30,법오 큰방(평상),108,법오 큰방,92
이믄즘,85,법오 큰방(칸막이),126,법오 큰방,201
강종흑,27,법오 큰방(칸막이),154,법오 큰방,202
갈매기,74,15동 404호(칸막이),54,404(B),104
김믄맘,22,법오 큰방(칸막이),111,법오 큰방,203
공격대,22,국산(칸막이),68,국산,132
김넉진,13,법오 큰방(칸막이),184,법오 큰방,204
그레이,39,15동 404호(칸막이),42,404(B),105
개막식,86,15동 404호(칸막이),107,404(B),106
양징일,96,서암(평상),36,서암,38
이얼음,55,15동 404호(칸막이),68,404(B),107
이참란,18,15동 404호(칸막이),122,404(B),108
한슴항,62,법오 큰방(칸막이),72,법오 큰방,205
양컬처,94,법오 큰방(칸막이),197,법오 큰방,206
강칠헉,56,법오 골방(칸막이),3,법오 큰방,62
최슨등,51,법오 작은방(평상),22,법오 작은방,44
양름잡,28,서암(평상),8,서암,39
문딩담,51,국산(칸막이),30,국산,133
양마걱,10,국산(칸막이),60,국산,134
문엉밍,48,법오 작은방(평상),28,법오 작은방,45
양할믹,26,서암(평상),35,서암,40
박픈힉,43,법오 큰방(평상),99,법오 큰방,93
최먼호,12,법오 큰방(칸막이),137,법오 큰방,207
양등몬,21,15동 401호(칸막이),38,404(A),15
박듬푸,19,15동 404호(칸막이),62,404(B),109
강름틈,69,15동 404호(칸막이),61,404(B),110
이등틀,58,법오 작은방(평상),55,법오 작은방,46
강포각,62,국산(칸막이),19,국산,135
최킬턱,44,서암(평상),39,서암,41
이맙박,65,국산(칸막이),11,국산,136
간지남,73,법오 큰방(칸막이),57,법오 큰방,208
최막마,16,법오 큰방(칸막이),204,법오 큰방,209
김도투,04,15동 404호(칸막이),46,404(B),111
강틸잣,19,법오 큰방(칸막이),161,법오 큰방,210
고추장,14,법오 큰방(칸막이),93,법오 큰방,211
강즌청,46,국산(칸막이),80,국산,137
김긴걸,15,법오 큰방(평상),87,법오 큰방,94
박잘칭,46,국산(칸막이),21,국산,138
양너일,90,국산(칸막이),66,국산,139
이질랏,68,15동 404호(칸막이),106,404(B),112
문언빌,45,15동 404호(칸막이),115,404(B),113
가우스,67,15동 404호(칸막이),45,404(B),114
한벙수,94,15동 404호(칸막이),73,404(B),115
김지믐,27,법오 큰방(평상),62,법오 큰방,95
양투측,42,법오 큰방(평상),90,법오 큰방,96
박판진,84,법오 골방(칸막이),8,법오 큰방,63
공간적,21,서암(평상),17,서암,42
최랄증,81,법오 작은방(평상),34,법오 작은방,47
귀공자,37,법오 작은방(평상),12,법오 작은방,48
한탐누,62,15동 404호(칸막이),56,404(B),116
고구마,06,15동 404호(칸막이),75,404(B),117
국화꽃,35,법오 큰방(칸막이),155,법오 큰방,212
강탕틍,57,법오 큰방(칸막이),118,법오 큰방,213
문청루,55,법오 큰방(칸막이),143,법오 큰방,214
이팍찬,49,서암(평상),15,서암,43
문탑늑,63,국산(칸막이),37,국산,140
박던하,12,법오 큰방(칸막이),98,법오 큰방,215
최질탐,95,서암(평상),41,서암,44
박삭산,63,15동 404호(칸막이),86,404(B),118
이카캇,95,15동 401호(칸막이),32,404(A),16
금메달,47,법오 골방(칸막이),12,법오 큰방,64
골드런,16,법오 큰방(칸막이),207,법오 큰방,216
