이름,학번뒤2자리,열람실,좌석번호
김처달,87,법오 큰방(칸막이),214
박밀천,08,15동 404호(칸막이),32
양칵치,13,법오 작은방(평상),33
귀족적,38,서암(평상),7
한핀겅,37,서암(평상),11
박갈캇,35,법오 큰방(평상),81
한슴항,62,법오 큰방(칸막이),72
개교식,82,법오 골방(칸막이),4
김린티,50,15동 401호(칸막이),39
이남늠,67,법오 큰방(칸막이),213
강틸잣,19,법오 큰방(칸막이),161
구미호,31,법오 큰방(칸막이),142
최푸시,32,서암(평상),9
최구할,20,국산(칸막이),22
강턴칙,26,법오 큰방(칸막이),127
한랏긴,54,법오 작은방(평상),84
박닝팟,03,법오 큰방(평상),82
이믄즘,85,법오 큰방(칸막이),126
최널낫,24,서암(평상),6
김빌살,20,국산(칸막이),12
박듬푸,19,15동 404호(칸막이),62
거북이,96,15동 404호(칸막이),67
문펄텅,26,15동 404호(칸막이),164
양든암,49,법오 큰방(칸막이),75
이탐탈,36,서암(평상),18
강칠헉,56,법오 골방(칸막이),3
한닝커,25,국산(칸막이),25
문공름,55,서암(평상),1
최익잔,05,15동 404호(칸막이),58
공간적,21,서암(평상),17
김픈팟,31,법오 큰방(칸막이),76
박타디,92,15동 401호(칸막이),40
한존븐,45,국산(칸막이),18
최던찹,96,서암(평상),20
문거즌,32,법오 큰방(평상),85
양터릉,75,15동 401호(칸막이),34
양남픽,45,법오 큰방(평상),104
김칫국,58,15동 401호(칸막이),33
김설낭,53,15동 404호(칸막이),29
이가치,08,법오 골방(칸막이),2
양등몬,21,15동 401호(칸막이),38
이적타,38,15동 401호(칸막이),37
김락밍,13,국산(칸막이),23
박잘칭,46,국산(칸막이),21
김주합,68,15동 404호(칸막이),24
최랄증,81,법오 작은방(평상),34
문빌륵,85,법오 작은방(평상),31
박일버,36,법오 큰방(평상),102
김캇살,44,15동 404호(칸막이),21
최킁람,44,법오 큰방(평상),79
문랏슥,02,국산(칸막이),10
최킥전,28,15동 404호(칸막이),59
양투측,42,법오 큰방(평상),90
강힝펑,37,법오 큰방(평상),88
이찰밀,81,15동 401호(칸막이),36
김밀막,54,법오 작은방(평상),25
이늘름,53,법오 큰방(칸막이),173
이걸다,01,법오 작은방(평상),61
최듬랍,58,국산(칸막이),7
박강악,21,서암(평상),2
박동홍,53,법오 큰방(평상),101
강고리,71,법오 골방(칸막이),1
이딜큰,25,15동 401호(칸막이),35
강하낫,48,서암(평상),16
이를칵,56,15동 404호(칸막이),135
최츨흥,59,서암(평상),3
최암루,28,국산(칸막이),15
양름잡,28,서암(평상),8
문닐맛,46,15동 404호(칸막이),25
양너적,80,법오 작은방(평상),58
박픈힉,43,법오 큰방(평상),99
김긴걸,15,법오 큰방(평상),87
고블린,09,국산(칸막이),8
박잠더,27,법오 큰방(평상),84
한버논,68,국산(칸막이),9
박성힌,07,15동 404호(칸막이),30
이팍찬,49,서암(평상),15
강틀팍,29,서암(평상),19
최밥합,33,법오 작은방(평상),6
문를등,12,국산(칸막이),14
문넌핀,77,법오 작은방(평상),63
문강팍,60,법오 작은방(평상),30
한닉선,65,법오 작은방(평상),3
김타늑,75,15동 404호(칸막이),20
강헐소,72,15동 404호(칸막이),57
문나삼,18,국산(칸막이),20
박믐정,64,법오 작은방(평상),60
최틸종,10,법오 큰방(칸막이),168
가로수,65,15동 404호(칸막이),11
박혼팡,60,국산(칸막이),6
최퐁손,16,국산(칸막이),13
강리릭,55,15동 404호(칸막이),53
문힝리,70,15동 404호(칸막이),26
한퐁늘,09,법오 큰방(칸막이),199
가로등,64,15동 404호(칸막이),66
한조랍,59,15동 404호(칸막이),18
최헐컨,36,법오 큰방(칸막이),172
한실코,91,서암(평상),12
한흥탕,80,서암(평상),10
양늘안,57,15동 404호(칸막이),55
강컬날,82,법오 작은방(평상),4
양초앗,17,15동 404호(칸막이),140
최털헝,61,국산(칸막이),24
한달성,86,국산(칸막이),16
이살버,61,법오 큰방(칸막이),198
최칭커,39,서암(평상),4
박덜딩,38,15동 404호(칸막이),132
이카득,54,법오 작은방(평상),82
게보린,00,법오 작은방(평상),27
강포각,62,국산(칸막이),19
강잉틍,25,법오 큰방(칸막이),78
거짓말,97,법오 작은방(평상),57
최랑승,56,법오 큰방(칸막이),212
최어로,78,법오 큰방(칸막이),77
한엉천,86,15동 404호(칸막이),131
최루삭,84,법오 작은방(평상),36
문걱벅,77,국산(칸막이),17
이맙박,65,국산(칸막이),11
양튼선,35,15동 404호(칸막이),23
김빌톤,14,15동 404호(칸막이),22
갈매기,74,15동 404호(칸막이),54
문엉밍,48,법오 작은방(평상),28
강무압,71,법오 작은방(평상),1
문발즌,76,15동 404호(칸막이),52
강민실,38,15동 404호(칸막이),141
한탐누,62,15동 404호(칸막이),56
한팔걸,41,법오 큰방(칸막이),167
이컨늘,25,법오 큰방(칸막이),129
박헝키,19,법오 큰방(칸막이),136
양갑븍,59,15동 404호(칸막이),19
이건틱,99,법오 큰방(칸막이),162
강름틈,69,15동 404호(칸막이),61
양인피,49,15동 404호(칸막이),133
김응긍,72,15동 404호(칸막이),60
강긴든,34,법오 큰방(칸막이),200
박믕잣,73,법오 큰방(칸막이),170
공격력,23,15동 404호(칸막이),12
한어탕,76,15동 404호(칸막이),16
김킬픙,67,서암(평상),5
양너일,90,국산(칸막이),66
이등틀,58,법오 작은방(평상),55
강탑능,31,법오 큰방(평상),45
가이아,68,법오 큰방(평상),50
이얼암,74,법오 작은방(평상),72
개통식,89,서암(평상),46
박억갓,89,15동 401호(칸막이),29
최흠진,60,국산(칸막이),33
양승단,44,법오 골방(칸막이),10
이카캇,95,15동 401호(칸막이),32
계웅삼,03,서암(평상),14
문도니,99,법오 작은방(평상),7
한등츨,07,법오 작은방(평상),24
한틸잔,39,법오 큰방(평상),59
극장판,42,15동 401호(칸막이),30
박함거,06,서암(평상),32
최힝칠,50,법오 큰방(칸막이),180
양즉닷,85,법오 큰방(평상),64
김걱흘,89,국산(칸막이),69
그린비,40,법오 큰방(칸막이),36
박토큭,53,법오 큰방(칸막이),146
이바처,95,법오 골방(칸막이),9
강즌청,46,국산(칸막이),80
문벌츤,74,국산(칸막이),27
한적글,93,법오 큰방(평상),121
강헝망,00,서암(평상),43
개구리,83,법오 큰방(평상),119
강아지,79,법오 큰방(칸막이),34
박판진,84,법오 골방(칸막이),8
최킬턱,44,서암(평상),39
감자탕,77,15동 401호(칸막이),27
이몽콩,33,국산(칸막이),51
구체적,33,서암(평상),26
최믄아,92,법오 큰방(평상),65
한긴깅,33,서암(평상),44
한찰른,70,법오 큰방(칸막이),186
최혼틍,49,15동 404호(칸막이),38
박통럭,27,법오 작은방(평상),70
경외심,02,15동 401호(칸막이),26
금메달,47,법오 골방(칸막이),12
최치기,58,국산(칸막이),78
최맛탐,41,법오 골방(칸막이),7
강닝갈,22,법오 큰방(평상),122
양함믁,03,서암(평상),29
국사책,34,15동 404호(칸막이),89
가솔린,66,법오 골방(칸막이),6
최긱등,57,법오 작은방(평상),42
한밥폰,79,국산(칸막이),71
감자깡,76,법오 큰방(칸막이),156
박클답,88,법오 큰방(칸막이),182
이발킬,35,법오 작은방(평상),81
김컨겅,34,국산(칸막이),57
문흠벙,29,국산(칸막이),39
박컨킬,57,서암(평상),45
이흠믹,93,국산(칸막이),38
한잣간,79,법오 큰방(칸막이),157
고감도,04,15동 404호(칸막이),157
문픙긍,43,법오 골방(칸막이),11
문늑킁,37,15동 401호(칸막이),28
고로쇠,07,15동 404호(칸막이),156
최압즐,70,15동 404호(칸막이),95
김즐킥,31,법오 작은방(평상),64
문일루,97,15동 404호(칸막이),40
최낙삿,83,법오 작은방(평상),46
굿모닝,36,15동 401호(칸막이),31
양팍산,40,서암(평상),34
최디우,78,법오 골방(칸막이),5
이즘호,56,법오 큰방(칸막이),148
박펀낙,69,법오 큰방(평상),47
양흘렁,35,국산(칸막이),79
최직긱,30,법오 큰방(평상),68
양안필,42,15동 404호(칸막이),96
문칵를,52,국산(칸막이),28
김븡로,04,15동 404호(칸막이),121
양할믹,26,서암(평상),35
고혹자,15,서암(평상),33
최자초,10,법오 큰방(칸막이),38
김지믐,27,법오 큰방(평상),62
문질착,51,15동 404호(칸막이),1
최안응,23,법오 큰방(칸막이),58
최막마,16,법오 큰방(칸막이),204
이벙팍,01,국산(칸막이),56
박삭필,83,법오 큰방(평상),124
김칸틍,22,15동 401호(칸막이),25
갑돌이,78,15동 404호(칸막이),136
최킬알,40,국산(칸막이),72
금요일,49,법오 큰방(칸막이),191
검은깨,99,국산(칸막이),36
양삼항,30,법오 큰방(칸막이),195
문납누,13,서암(평상),38
박넝힝,52,서암(평상),48
한펀리,42,국산(칸막이),73
가공업,61,서암(평상),42
고전적,13,법오 작은방(평상),48
그레이,39,15동 404호(칸막이),42
개나리,85,법오 큰방(평상),48
고양이,12,법오 작은방(평상),16
김도투,04,15동 404호(칸막이),46
강토억,96,국산(칸막이),26
한톤구,98,법오 큰방(평상),61
개폭딜,90,법오 큰방(평상),110
각설탕,71,법오 큰방(평상),70
박슥홍,43,법오 큰방(칸막이),192
양랄근,75,국산(칸막이),59
문공가,24,법오 작은방(평상),75
한덕자,30,법오 큰방(평상),108
이람팅,17,서암(평상),13
이능선,47,법오 큰방(평상),105
그오빠,41,15동 404호(칸막이),102
최넌븜,54,법오 큰방(칸막이),54
박몽딩,11,법오 큰방(칸막이),209
김펄딜,60,법오 큰방(평상),107
김잠슥,41,국산(칸막이),58
김벌석,93,법오 큰방(칸막이),205
한러딕,59,법오 큰방(칸막이),22
공격대,22,국산(칸막이),68
박킹지,46,법오 큰방(평상),67
긍정적,50,서암(평상),37
김도합,15,15동 404호(칸막이),99
개학식,91,법오 작은방(평상),43
개공식,81,법오 큰방(칸막이),208
양징일,96,서암(평상),36
이누멍,65,법오 작은방(평상),13
문딩막,39,법오 작은방(평상),49
글러브,43,법오 큰방(칸막이),56
개기식,84,법오 작은방(평상),45
최슨등,51,법오 작은방(평상),22
한닝틈,14,국산(칸막이),70
이빌박,17,15동 404호(칸막이),104
최엉퍼,19,법오 작은방(평상),18
최질탐,95,서암(평상),41
양무타,38,15동 404호(칸막이),77
고스트,11,법오 작은방(평상),79
강즘믐,05,법오 작은방(평상),40
김엉칠,00,15동 404호(칸막이),93
강넉넝,47,법오 작은방(평상),73
양픽탕,37,서암(평상),21
과수원,26,서암(평상),22
양른큭,31,국산(칸막이),32
한러틈,58,15동 404호(칸막이),69
한주한,81,15동 404호(칸막이),144
개업식,88,서암(평상),25
고사리,10,법오 작은방(평상),19
문던큭,28,15동 404호(칸막이),128
문할성,73,법오 큰방(칸막이),147
양마걱,10,국산(칸막이),60
이힝닉,14,법오 큰방(칸막이),160
구마적,30,법오 작은방(평상),15
최긍신,32,법오 큰방(칸막이),145
가래떡,63,법오 작은방(평상),66
강잘찬,98,서암(평상),40
박삭억,08,법오 작은방(평상),21
국화꽃,35,법오 큰방(칸막이),155
공무원,24,서암(평상),47
김팝아,32,서암(평상),30
김팔틸,34,국산(칸막이),74
박음농,88,15동 404호(칸막이),117
문청루,55,법오 큰방(칸막이),143
한창어,92,법오 작은방(평상),10
양공머,73,15동 404호(칸막이),113
김컬층,42,법오 큰방(칸막이),187
가랑비,62,국산(칸막이),29
한감잠,11,법오 작은방(평상),9
최닷논,06,15동 404호(칸막이),118
이적서,23,법오 작은방(평상),51
한든깅,29,서암(평상),31
귀공자,37,법오 작은방(평상),12
최벌길,97,국산(칸막이),35
김방우,91,법오 큰방(칸막이),193
김넉진,13,법오 큰방(칸막이),184
이잘즌,45,15동 404호(칸막이),148
한티륵,22,법오 큰방(칸막이),159
고추장,14,법오 큰방(칸막이),93
격투기,01,법오 큰방(칸막이),179
문비처,41,15동 404호(칸막이),3
강종흑,27,법오 큰방(칸막이),154
최팝픔,09,법오 큰방(칸막이),35
문딩담,51,국산(칸막이),30
이기푸,20,법오 큰방(칸막이),196
고구려,05,국산(칸막이),40
강더호,47,법오 큰방(칸막이),149
곰돌이,19,법오 큰방(칸막이),55
김헌구,91,15동 404호(칸막이),105
김유신,57,15동 404호(칸막이),111
한조틈,74,국산(칸막이),67
박널캄,64,법오 큰방(칸막이),202
최런로,83,국산(칸막이),76
김틸락,30,국산(칸막이),55
한악랑,47,법오 큰방(칸막이),188
곰도리,18,법오 큰방(칸막이),181
이번론,23,법오 큰방(칸막이),53
기능적,52,국산(칸막이),54
고무줄,08,국산(칸막이),77
이언킥,11,국산(칸막이),53
골짜기,17,법오 큰방(칸막이),203
이밥킬,36,법오 큰방(칸막이),183
박던하,12,법오 큰방(칸막이),98
양봉찹,21,국산(칸막이),31
골드런,16,법오 큰방(칸막이),207
갈무리,75,국산(칸막이),52
글로리,44,법오 큰방(칸막이),97
한막긍,00,15동 404호(칸막이),108
최증리,82,국산(칸막이),34
강캉초,61,15동 404호(칸막이),90
개항식,92,국산(칸막이),75
문탑늑,63,국산(칸막이),37
최거틈,87,법오 큰방(칸막이),206
김클난,02,15동 404호(칸막이),49
한측산,20,15동 404호(칸막이),137
간지남,73,법오 큰방(칸막이),57
이참란,18,15동 404호(칸막이),122
문덩클,71,15동 404호(칸막이),43
금도끼,46,법오 큰방(칸막이),96
한흠버,06,15동 404호(칸막이),39
객관성,94,법오 큰방(칸막이),91
김몽난,02,법오 큰방(칸막이),33
문픔건,50,법오 큰방(칸막이),37
기상청,55,법오 큰방(칸막이),150
개회식,93,15동 404호(칸막이),120
이만듬,66,15동 404호(칸막이),154
양로파,29,15동 404호(칸막이),151
김늠익,24,법오 큰방(칸막이),94
최늘릉,04,법오 큰방(칸막이),21
이츰찬,97,15동 404호(칸막이),74
양앗랍,72,15동 404호(칸막이),37
한다빅,18,법오 큰방(칸막이),95
최헌적,24,법오 큰방(칸막이),185
이통만,16,법오 큰방(칸막이),189
한탁슨,26,15동 404호(칸막이),4
최잡컹,98,15동 404호(칸막이),145
공업가,25,법오 큰방(칸막이),23
최탁한,18,법오 큰방(칸막이),190
양빈픽,07,법오 큰방(칸막이),31
양킨노,09,15동 404호(칸막이),35
김익억,90,법오 큰방(칸막이),152
고구마,06,15동 404호(칸막이),75
문을른,87,법오 큰방(칸막이),158
이얼음,55,15동 404호(칸막이),68
문길펀,84,법오 큰방(칸막이),153
이탓작,50,15동 404호(칸막이),116
강틸즉,89,법오 큰방(칸막이),194
금붕어,48,법오 큰방(칸막이),151
기념적,51,15동 404호(칸막이),76
최총부,48,법오 큰방(칸막이),52
까꿍이,59,법오 큰방(칸막이),51
글로벌,45,15동 404호(칸막이),119
최릉린,88,법오 큰방(칸막이),144
간접적,72,15동 404호(칸막이),70
최폰핫,77,법오 큰방(칸막이),24
김잉멀,43,법오 큰방(칸막이),92
양는을,66,15동 404호(칸막이),47
이망모,67,15동 404호(칸막이),143
한컥닝,99,법오 큰방(칸막이),32
박너방,03,법오 큰방(칸막이),20
한헐누,51,법오 큰방(칸막이),131
김펑잉,76,법오 큰방(칸막이),115
곰탱이,20,15동 404호(칸막이),9
최컨앙,11,법오 큰방(칸막이),112
한큰엉,52,법오 큰방(칸막이),164
가정부,69,15동 404호(칸막이),10
최츰빌,48,15동 404호(칸막이),138
박서랍,15,법오 큰방(칸막이),163
김흠함,90,15동 404호(칸막이),51
까마귀,60,법오 큰방(칸막이),141
구렁이,29,15동 404호(칸막이),125
한벙수,94,15동 404호(칸막이),73
김슬모,14,15동 404호(칸막이),130
강탕틍,57,법오 큰방(칸막이),118
구심점,32,15동 404호(칸막이),152
기저막,56,법오 큰방(칸막이),132
문논탁,86,15동 404호(칸막이),127
박핀토,40,15동 404호(칸막이),15
개막식,86,15동 404호(칸막이),107
한븡큭,15,15동 404호(칸막이),50
가우스,67,15동 404호(칸막이),45
강원도,80,법오 큰방(칸막이),138
최먼호,12,법오 큰방(칸막이),137
문탑픽,40,법오 큰방(칸막이),135
검딱지,98,15동 404호(칸막이),64
양컬처,94,법오 큰방(칸막이),197
강초답,52,15동 404호(칸막이),103
최틈슥,64,15동 404호(칸막이),101
박릉등,01,15동 404호(칸막이),8
박삭산,63,15동 404호(칸막이),86
최너반,16,15동 404호(칸막이),123
강극탑,23,15동 404호(칸막이),100
개선문,87,법오 큰방(칸막이),128
이질랏,68,15동 404호(칸막이),106
박온팡,63,법오 큰방(칸막이),171
최루당,80,법오 큰방(칸막이),113
박밍캉,17,15동 404호(칸막이),98
박석한,78,15동 404호(칸막이),88
구구단,27,법오 큰방(칸막이),176
최렁번,05,15동 404호(칸막이),155
문나는,69,15동 404호(칸막이),48
양슨박,21,법오 큰방(칸막이),140
한득븡,39,15동 404호(칸막이),150
문닝팡,94,법오 큰방(칸막이),116
김히본,12,15동 404호(칸막이),14
양들턱,82,법오 큰방(칸막이),73
최블블,79,법오 큰방(칸막이),177
구궁도,28,15동 404호(칸막이),2
양서벌,66,15동 404호(칸막이),126
갤럭시,95,법오 큰방(칸막이),165
김믄맘,22,법오 큰방(칸막이),111
기댓값,53,15동 404호(칸막이),112
최나찬,33,15동 404호(칸막이),27
문언빌,45,15동 404호(칸막이),115
김판핀,34,법오 큰방(칸막이),134
가타카,70,법오 큰방(칸막이),130
기사단,54,15동 404호(칸막이),147
